angle_deg,rate_dps,wheel_rpm,g_crit,holds_g28,sat_pct_g28
4.0,20,-350,33.59,1,0.0
4.0,20,-300,35.16,1,0.0
4.0,20,-250,36.41,1,0.0
4.0,20,-200,37.03,1,0.0
4.0,20,-150,37.34,1,0.0
4.0,20,-100,36.72,1,0.0
4.0,20,-50,35.78,1,0.0
4.0,20,0,36.09,1,0.0
4.0,20,50,35.16,1,0.0
4.0,20,100,33.91,1,0.0
4.0,20,150,32.97,1,0.0
4.0,30,-350,35.16,1,0.0
4.0,30,-300,36.72,1,0.0
4.0,30,-250,41.0,1,0.0
4.0,30,-200,41.0,1,0.0
4.0,30,-150,39.53,1,0.0
4.0,30,-100,37.97,1,0.0
4.0,30,-50,37.66,1,0.0
4.0,30,0,37.03,1,0.0
4.0,30,50,35.47,1,0.0
4.0,30,100,33.91,1,0.0
4.0,30,150,32.97,1,1.6
4.0,40,-350,37.34,1,0.0
4.0,40,-300,39.22,1,0.0
4.0,40,-250,41.0,1,0.0
4.0,40,-200,41.0,1,0.0
4.0,40,-150,41.0,1,0.0
4.0,40,-100,41.0,1,0.0
4.0,40,-50,38.91,1,0.0
4.0,40,0,37.03,1,0.0
4.0,40,50,35.47,1,1.0
4.0,40,100,33.91,1,3.6
4.0,40,150,32.97,1,6.8
4.0,50,-350,41.0,1,0.0
4.0,50,-300,41.0,1,0.0
4.0,50,-250,41.0,1,0.0
4.0,50,-200,41.0,1,0.0
4.0,50,-150,41.0,1,0.0
4.0,50,-100,41.0,1,0.0
4.0,50,-50,38.59,1,0.0
4.0,50,0,36.72,1,3.6
4.0,50,50,34.84,1,6.0
4.0,50,100,33.59,1,9.4
4.0,50,150,32.66,1,14.8
4.0,60,-350,41.0,1,0.0
4.0,60,-300,41.0,1,0.0
4.0,60,-250,41.0,1,0.0
4.0,60,-200,41.0,1,0.0
4.0,60,-150,41.0,1,0.0
4.0,60,-100,41.0,1,2.0
4.0,60,-50,37.66,1,5.4
4.0,60,0,35.78,1,9.4
4.0,60,50,34.22,1,13.8
4.0,60,100,33.28,1,22.0
4.0,60,150,30.47,1,40.0
4.0,70,-350,41.0,1,0.0
4.0,70,-300,41.0,1,0.0
4.0,70,-250,41.0,1,0.0
4.0,70,-200,41.0,1,1.8
4.0,70,-150,41.0,1,3.6
4.0,70,-100,37.97,1,7.2
4.0,70,-50,35.47,1,12.2
4.0,70,0,33.59,1,25.4
4.0,70,50,30.16,1,47.2
4.0,70,100,19.0,0,52.8
4.0,70,150,19.0,0,47.4
4.0,80,-350,41.0,1,0.0
4.0,80,-300,41.0,1,1.0
4.0,80,-250,41.0,1,2.8
4.0,80,-200,39.84,1,5.2
4.0,80,-150,37.03,1,10.2
4.0,80,-100,35.16,1,18.2
4.0,80,-50,27.34,0,58.8
4.0,80,0,19.0,0,54.8
4.0,80,50,19.0,0,51.0
4.0,80,100,19.0,0,47.4
4.0,80,150,19.0,0,44.2
4.0,90,-350,41.0,1,2.4
4.0,90,-300,41.0,1,4.4
4.0,90,-250,37.97,1,7.0
4.0,90,-200,35.78,1,14.8
4.0,90,-150,31.41,1,51.6
4.0,90,-100,19.0,0,58.4
4.0,90,-50,19.0,0,53.6
4.0,90,0,19.0,0,50.6
4.0,90,50,19.0,0,47.8
4.0,90,100,19.0,0,45.2
4.0,90,150,19.0,0,42.6
5.0,20,-350,31.72,1,0.0
5.0,20,-300,32.66,1,0.0
5.0,20,-250,33.28,1,0.0
5.0,20,-200,33.91,1,0.0
5.0,20,-150,33.91,1,0.0
5.0,20,-100,33.59,1,0.0
5.0,20,-50,33.28,1,0.0
5.0,20,0,33.28,1,0.0
5.0,20,50,32.97,1,0.0
5.0,20,100,32.34,1,0.0
5.0,20,150,31.72,1,0.0
5.0,30,-350,33.91,1,0.0
5.0,30,-300,35.16,1,0.0
5.0,30,-250,35.78,1,0.0
5.0,30,-200,35.78,1,0.0
5.0,30,-150,35.47,1,0.0
5.0,30,-100,34.84,1,0.0
5.0,30,-50,34.53,1,0.0
5.0,30,0,34.22,1,0.0
5.0,30,50,33.59,1,0.0
5.0,30,100,32.66,1,0.0
5.0,30,150,31.72,1,1.0
5.0,40,-350,35.78,1,0.0
5.0,40,-300,37.03,1,0.0
5.0,40,-250,38.28,1,0.0
5.0,40,-200,37.97,1,0.0
5.0,40,-150,37.03,1,0.0
5.0,40,-100,36.09,1,0.0
5.0,40,-50,35.78,1,0.0
5.0,40,0,34.84,1,0.0
5.0,40,50,33.91,1,0.0
5.0,40,100,32.66,1,3.0
5.0,40,150,32.03,1,5.6
5.0,50,-350,37.97,1,0.0
5.0,50,-300,39.22,1,0.0
5.0,50,-250,39.84,1,0.0
5.0,50,-200,39.53,1,0.0
5.0,50,-150,38.28,1,0.0
5.0,50,-100,37.66,1,0.0
5.0,50,-50,36.41,1,0.0
5.0,50,0,35.47,1,3.0
5.0,50,50,33.91,1,5.0
5.0,50,100,35.16,1,7.6
5.0,50,150,32.34,1,11.4
5.0,60,-350,41.0,1,0.0
5.0,60,-300,41.0,1,0.0
5.0,60,-250,41.0,1,0.0
5.0,60,-200,41.0,1,0.0
5.0,60,-150,39.84,1,0.0
5.0,60,-100,37.97,1,1.8
5.0,60,-50,36.72,1,4.4
5.0,60,0,35.47,1,7.6
5.0,60,50,33.91,1,10.2
5.0,60,100,32.97,1,15.2
5.0,60,150,32.03,1,23.4
5.0,70,-350,41.0,1,0.0
5.0,70,-300,41.0,1,0.0
5.0,70,-250,41.0,1,0.0
5.0,70,-200,41.0,1,1.0
5.0,70,-150,41.0,1,3.0
5.0,70,-100,37.97,1,5.8
5.0,70,-50,36.09,1,9.8
5.0,70,0,34.53,1,15.2
5.0,70,50,33.91,1,23.2
5.0,70,100,30.78,1,41.6
5.0,70,150,19.0,0,51.4
5.0,80,-350,41.0,1,0.0
5.0,80,-300,41.0,1,0.6
5.0,80,-250,41.0,1,2.4
5.0,80,-200,41.0,1,4.4
5.0,80,-150,38.59,1,8.0
5.0,80,-100,36.09,1,12.4
5.0,80,-50,35.16,1,22.6
5.0,80,0,23.91,0,57.4
5.0,80,50,19.0,0,54.4
5.0,80,100,19.0,0,49.4
5.0,80,150,19.0,0,45.6
5.0,90,-350,41.0,1,2.2
5.0,90,-300,41.0,1,4.0
5.0,90,-250,41.0,1,5.8
5.0,90,-200,37.97,1,10.2
5.0,90,-150,35.47,1,17.8
5.0,90,-100,30.47,1,51.2
5.0,90,-50,19.0,0,57.0
5.0,90,0,19.0,0,52.4
5.0,90,50,19.0,0,49.2
5.0,90,100,19.0,0,46.2
5.0,90,150,19.0,0,43.4
6.0,20,-350,29.53,1,22.6
6.0,20,-300,30.47,1,12.2
6.0,20,-250,30.78,1,0.0
6.0,20,-200,31.41,1,0.0
6.0,20,-150,31.41,1,0.0
6.0,20,-100,31.41,1,0.0
6.0,20,-50,31.09,1,0.0
6.0,20,0,31.41,1,0.0
6.0,20,50,31.09,1,0.0
6.0,20,100,31.09,1,0.0
6.0,20,150,30.16,1,0.0
6.0,30,-350,31.72,1,0.0
6.0,30,-300,32.34,1,0.0
6.0,30,-250,32.66,1,0.0
6.0,30,-200,32.97,1,0.0
6.0,30,-150,32.97,1,0.0
6.0,30,-100,32.34,1,0.0
6.0,30,-50,32.34,1,0.0
6.0,30,0,32.34,1,0.0
6.0,30,50,31.72,1,0.0
6.0,30,100,31.09,1,0.0
6.0,30,150,30.47,1,0.4
6.0,40,-350,33.91,1,0.0
6.0,40,-300,34.53,1,0.0
6.0,40,-250,34.53,1,0.0
6.0,40,-200,34.53,1,0.0
6.0,40,-150,33.91,1,0.0
6.0,40,-100,33.59,1,0.0
6.0,40,-50,33.59,1,0.0
6.0,40,0,32.97,1,0.0
6.0,40,50,32.34,1,0.0
6.0,40,100,31.41,1,2.6
6.0,40,150,31.09,1,4.8
6.0,50,-350,36.41,1,0.0
6.0,50,-300,36.72,1,0.0
6.0,50,-250,36.72,1,0.0
6.0,50,-200,35.78,1,0.0
6.0,50,-150,34.84,1,0.0
6.0,50,-100,34.84,1,0.0
6.0,50,-50,34.22,1,0.0
6.0,50,0,33.59,1,2.2
6.0,50,50,32.66,1,4.4
6.0,50,100,32.03,1,6.6
6.0,50,150,31.72,1,9.4
6.0,60,-350,37.97,1,0.0
6.0,60,-300,39.22,1,0.0
6.0,60,-250,38.28,1,0.0
6.0,60,-200,37.03,1,0.0
6.0,60,-150,36.41,1,0.0
6.0,60,-100,35.47,1,1.2
6.0,60,-50,34.84,1,3.6
6.0,60,0,34.22,1,6.6
6.0,60,50,33.28,1,8.6
6.0,60,100,32.34,1,11.8
6.0,60,150,32.34,1,16.6
6.0,70,-350,41.0,1,0.0
6.0,70,-300,41.0,1,0.0
6.0,70,-250,39.22,1,0.0
6.0,70,-200,38.59,1,0.8
6.0,70,-150,37.34,1,2.6
6.0,70,-100,36.41,1,4.8
6.0,70,-50,35.47,1,8.4
6.0,70,0,34.53,1,11.8
6.0,70,50,33.28,1,16.0
6.0,70,100,32.66,1,23.4
6.0,70,150,30.47,1,39.4
6.0,80,-350,41.0,1,0.0
6.0,80,-300,41.0,1,0.0
6.0,80,-250,41.0,1,2.2
6.0,80,-200,39.84,1,3.8
6.0,80,-150,37.97,1,6.4
6.0,80,-100,36.72,1,10.2
6.0,80,-50,35.16,1,15.0
6.0,80,0,34.22,1,26.0
6.0,80,50,30.78,1,45.0
6.0,80,100,19.0,0,53.4
6.0,80,150,19.0,0,47.8
6.0,90,-350,41.0,1,1.8
6.0,90,-300,41.0,1,3.4
6.0,90,-250,41.0,1,5.2
6.0,90,-200,39.22,1,8.4
6.0,90,-150,36.72,1,12.4
6.0,90,-100,34.84,1,20.6
6.0,90,-50,30.47,1,51.6
6.0,90,0,19.0,0,55.6
6.0,90,50,19.0,0,51.2
6.0,90,100,19.0,0,47.6
6.0,90,150,19.0,0,44.4
7.0,20,-350,23.59,0,33.2
7.0,20,-300,25.78,0,34.8
7.0,20,-250,27.34,0,35.6
7.0,20,-200,27.97,1,35.8
7.0,20,-150,28.28,1,32.8
7.0,20,-100,28.59,1,32.8
7.0,20,-50,28.28,1,34.6
7.0,20,0,28.91,1,23.4
7.0,20,50,28.91,1,23.8
7.0,20,100,28.28,1,30.6
7.0,20,150,27.66,0,33.0
7.0,30,-350,29.22,1,23.2
7.0,30,-300,30.16,1,17.2
7.0,30,-250,30.47,1,3.4
7.0,30,-200,30.47,1,0.0
7.0,30,-150,30.47,1,0.0
7.0,30,-100,30.78,1,0.0
7.0,30,-50,30.47,1,0.0
7.0,30,0,30.78,1,0.0
7.0,30,50,30.16,1,0.0
7.0,30,100,29.22,1,0.4
7.0,30,150,28.28,1,28.4
7.0,40,-350,31.41,1,0.0
7.0,40,-300,32.03,1,0.0
7.0,40,-250,32.03,1,0.0
7.0,40,-200,32.03,1,0.0
7.0,40,-150,31.72,1,0.0
7.0,40,-100,31.41,1,0.0
7.0,40,-50,31.72,1,0.0
7.0,40,0,31.41,1,0.0
7.0,40,50,31.09,1,0.0
7.0,40,100,30.16,1,2.2
7.0,40,150,29.22,1,6.6
7.0,50,-350,33.28,1,0.0
7.0,50,-300,33.59,1,0.0
7.0,50,-250,33.59,1,0.0
7.0,50,-200,33.28,1,0.0
7.0,50,-150,32.66,1,0.0
7.0,50,-100,32.66,1,0.0
7.0,50,-50,32.34,1,0.0
7.0,50,0,32.03,1,1.8
7.0,50,50,31.41,1,3.6
7.0,50,100,31.09,1,5.6
7.0,50,150,30.16,1,7.8
7.0,60,-350,35.47,1,0.0
7.0,60,-300,35.47,1,0.0
7.0,60,-250,34.84,1,0.0
7.0,60,-200,34.22,1,0.0
7.0,60,-150,33.91,1,0.0
7.0,60,-100,33.59,1,0.8
7.0,60,-50,33.28,1,3.0
7.0,60,0,32.97,1,5.6
7.0,60,50,32.03,1,7.4
7.0,60,100,32.03,1,9.8
7.0,60,150,31.09,1,13.6
7.0,70,-350,37.66,1,0.0
7.0,70,-300,37.03,1,0.0
7.0,70,-250,36.09,1,0.0
7.0,70,-200,35.47,1,0.2
7.0,70,-150,34.84,1,2.2
7.0,70,-100,34.53,1,4.0
7.0,70,-50,34.22,1,7.0
7.0,70,0,33.59,1,9.8
7.0,70,50,32.66,1,12.4
7.0,70,100,32.66,1,17.0
7.0,70,150,31.41,1,24.4
7.0,80,-350,39.84,1,0.0
7.0,80,-300,38.28,1,0.0
7.0,80,-250,37.34,1,1.8
7.0,80,-200,36.72,1,3.4
7.0,80,-150,36.09,1,5.2
7.0,80,-100,35.47,1,8.6
7.0,80,-50,34.53,1,12.0
7.0,80,0,33.91,1,17.2
7.0,80,50,33.59,1,24.6
7.0,80,100,31.09,1,40.2
7.0,80,150,19.0,0,51.4
7.0,90,-350,41.0,1,1.6
7.0,90,-300,41.0,1,3.0
7.0,90,-250,39.22,1,4.6
7.0,90,-200,37.97,1,6.6
7.0,90,-150,36.72,1,10.2
7.0,90,-100,35.47,1,14.8
7.0,90,-50,34.22,1,24.0
7.0,90,0,19.0,1,53.4
7.0,90,50,19.0,0,55.0
7.0,90,100,19.0,0,49.8
7.0,90,150,19.0,0,45.8
8.0,20,-350,19.0,0,31.0
8.0,20,-300,21.72,0,34.8
8.0,20,-250,23.28,0,37.2
8.0,20,-200,24.22,0,39.4
8.0,20,-150,24.84,0,40.0
8.0,20,-100,25.16,0,40.4
8.0,20,-50,25.47,0,41.6
8.0,20,0,26.09,0,41.0
8.0,20,50,26.09,0,41.6
8.0,20,100,26.09,0,41.8
8.0,20,150,25.78,0,41.4
8.0,30,-350,24.22,0,34.0
8.0,30,-300,25.47,0,35.8
8.0,30,-250,26.41,0,36.6
8.0,30,-200,27.03,0,37.2
8.0,30,-150,27.34,0,38.0
8.0,30,-100,27.34,0,38.6
8.0,30,-50,27.34,0,39.2
8.0,30,0,27.97,0,37.0
8.0,30,50,27.66,0,36.6
8.0,30,100,27.03,0,37.4
8.0,30,150,26.41,0,37.4
8.0,40,-350,28.59,1,28.2
8.0,40,-300,29.22,1,24.6
8.0,40,-250,29.53,1,19.0
8.0,40,-200,29.53,1,14.4
8.0,40,-150,29.53,1,11.6
8.0,40,-100,28.91,1,22.4
8.0,40,-50,29.53,1,3.6
8.0,40,0,29.22,1,8.8
8.0,40,50,28.59,1,26.0
8.0,40,100,27.97,0,33.4
8.0,40,150,27.34,0,37.0
8.0,50,-350,31.09,1,0.0
8.0,50,-300,31.09,1,0.0
8.0,50,-250,31.41,1,0.0
8.0,50,-200,31.09,1,0.0
8.0,50,-150,31.41,1,0.0
8.0,50,-100,30.78,1,0.0
8.0,50,-50,31.09,1,0.0
8.0,50,0,30.78,1,1.6
8.0,50,50,29.84,1,3.2
8.0,50,100,28.91,1,16.6
8.0,50,150,28.28,1,32.6
8.0,60,-350,32.66,1,0.0
8.0,60,-300,32.66,1,0.0
8.0,60,-250,32.66,1,0.0
8.0,60,-200,32.03,1,0.0
8.0,60,-150,31.72,1,0.0
8.0,60,-100,31.72,1,0.6
8.0,60,-50,31.72,1,2.4
8.0,60,0,31.41,1,4.8
8.0,60,50,31.09,1,6.6
8.0,60,100,30.16,1,8.4
8.0,60,150,29.53,1,11.4
8.0,70,-350,34.22,1,0.0
8.0,70,-300,33.91,1,0.0
8.0,70,-250,33.28,1,0.0
8.0,70,-200,32.97,1,0.0
8.0,70,-150,32.97,1,1.8
8.0,70,-100,32.66,1,3.4
8.0,70,-50,32.66,1,6.2
8.0,70,0,32.34,1,8.4
8.0,70,50,32.66,1,10.4
8.0,70,100,31.41,1,14.0
8.0,70,150,30.78,1,18.2
8.0,80,-350,35.78,1,0.0
8.0,80,-300,35.16,1,0.0
8.0,80,-250,34.22,1,1.6
8.0,80,-200,34.22,1,3.0
8.0,80,-150,33.91,1,4.6
8.0,80,-100,33.91,1,7.4
8.0,80,-50,33.59,1,10.0
8.0,80,0,33.28,1,13.8
8.0,80,50,32.34,1,17.8
8.0,80,100,32.03,1,24.2
8.0,80,150,19.0,1,38.6
8.0,90,-350,37.03,1,1.0
8.0,90,-300,36.09,1,2.6
8.0,90,-250,36.09,1,4.2
8.0,90,-200,35.78,1,5.8
8.0,90,-150,35.47,1,8.8
8.0,90,-100,34.84,1,12.0
8.0,90,-50,33.91,1,16.6
8.0,90,0,34.22,1,26.4
8.0,90,50,19.0,1,43.6
8.0,90,100,19.0,0,53.4
8.0,90,150,19.0,0,48.0
9.0,20,-350,19.0,0,30.0
9.0,20,-300,19.0,0,33.4
9.0,20,-250,20.16,0,36.2
9.0,20,-200,21.09,0,37.6
9.0,20,-150,22.03,0,39.8
9.0,20,-100,22.66,0,41.0
9.0,20,-50,22.97,0,42.0
9.0,20,0,23.59,0,43.0
9.0,20,50,23.91,0,44.0
9.0,20,100,24.22,0,44.4
9.0,20,150,23.91,0,45.2
9.0,30,-350,20.47,0,32.0
9.0,30,-300,22.03,0,35.4
9.0,30,-250,22.97,0,37.8
9.0,30,-200,23.59,0,39.6
9.0,30,-150,24.22,0,41.0
9.0,30,-100,24.53,0,41.8
9.0,30,-50,24.53,0,42.4
9.0,30,0,25.47,0,42.4
9.0,30,50,25.47,0,43.0
9.0,30,100,25.16,0,43.4
9.0,30,150,24.84,0,43.8
9.0,40,-350,24.22,0,35.2
9.0,40,-300,25.16,0,37.0
9.0,40,-250,25.78,0,37.8
9.0,40,-200,26.09,0,38.8
9.0,40,-150,26.09,0,39.8
9.0,40,-100,26.09,0,40.6
9.0,40,-50,26.72,0,40.4
9.0,40,0,26.72,0,39.4
9.0,40,50,26.41,0,39.6
9.0,40,100,26.09,0,40.8
9.0,40,150,25.78,0,43.4
9.0,50,-350,27.66,0,34.0
9.0,50,-300,28.28,1,34.6
9.0,50,-250,28.28,1,33.4
9.0,50,-200,28.28,1,35.2
9.0,50,-150,27.97,0,38.0
9.0,50,-100,27.97,1,35.8
9.0,50,-50,28.28,1,33.6
9.0,50,0,28.28,1,32.4
9.0,50,50,27.66,0,35.6
9.0,50,100,27.03,0,38.8
9.0,50,150,26.72,0,40.8
9.0,60,-350,30.47,1,0.0
9.0,60,-300,30.47,1,0.0
9.0,60,-250,30.78,1,0.0
9.0,60,-200,30.16,1,0.0
9.0,60,-150,29.53,1,0.0
9.0,60,-100,29.84,1,0.0
9.0,60,-50,29.84,1,2.0
9.0,60,0,29.84,1,4.2
9.0,60,50,28.91,1,12.4
9.0,60,100,28.28,1,33.0
9.0,60,150,27.97,1,37.0
9.0,70,-350,32.03,1,0.0
9.0,70,-300,31.72,1,0.0
9.0,70,-250,31.41,1,0.0
9.0,70,-200,31.09,1,0.0
9.0,70,-150,31.09,1,1.6
9.0,70,-100,31.09,1,3.0
9.0,70,-50,31.09,1,5.4
9.0,70,0,31.09,1,7.4
9.0,70,50,30.47,1,9.2
9.0,70,100,29.84,1,11.6
9.0,70,150,29.53,1,15.0
9.0,80,-350,33.28,1,0.0
9.0,80,-300,32.66,1,0.0
9.0,80,-250,32.34,1,1.4
9.0,80,-200,32.34,1,2.6
9.0,80,-150,32.34,1,4.0
9.0,80,-100,32.34,1,6.6
9.0,80,-50,32.34,1,8.8
9.0,80,0,32.03,1,11.6
9.0,80,50,32.03,1,14.2
9.0,80,100,31.09,1,18.2
9.0,80,150,30.47,1,25.0
9.0,90,-350,34.22,1,1.0
9.0,90,-300,33.59,1,2.2
9.0,90,-250,33.91,1,3.6
9.0,90,-200,33.59,1,5.0
9.0,90,-150,33.59,1,7.4
9.0,90,-100,33.59,1,10.2
9.0,90,-50,33.28,1,13.6
9.0,90,0,32.97,1,18.6
9.0,90,50,32.66,1,25.2
9.0,90,100,19.0,1,38.6
9.0,90,150,19.0,0,51.4
